IF;THEN;CONFIDENCE
demo;afd;0.9339108116778954
erfurt;afd;0.9385394070860448
pegida;afd;0.9980544747081712
