IF;THEN;CONFIDENCE
merkel;cdu;0.7576555811656239
csu;cdu;0.8500325309043592
